model,prompt,accuracy,macro_f1,valid,invalid
Qwen,direct,0.9097035040431267,0.9096902174999046,742,130
Qwen,formal,0.9222873900293255,0.9222872229496284,682,190
Qwen,concise,0.9088575096277278,0.9087973933160851,779,93
Qwen,analyst,0.9521739130434783,0.9517322954822955,460,412
Qwen,definition,0.8528,0.8490116169149002,625,247
SmolLM2,direct,0.9128440366972477,0.9126215640360316,872,0
SmolLM2,formal,0.9038238702201622,0.9034171888252006,863,9
SmolLM2,concise,0.9019607843137255,0.9019085864427671,867,5
SmolLM2,analyst,0.9263521288837745,0.9263301789820595,869,3
SmolLM2,definition,0.9197247706422018,0.9195554993252362,872,0
